role,content
user,i want to ask you questions about due diligence 
assistant,"In the realm of business, due diligence refers to the comprehensive appraisal of a target company or its assets in order to verify and gather detailed information to enable an informed decision before entering into a transaction such as a merger or acquisition. When it comes to blockchain technology, this process involves assessing the underlying platform's security, scalability, compatibility, regulatory compliance, and operational efficiency, among other factors.

In October 2024, there seems to be an uptick in strategic dealmaking involving blockchain technology. This could mean that businesses are increasingly recognizing the potential benefits of integrating blockchain into their operations. However, for accurate insights on due diligence practices specifically related to blockchain, it would be helpful to have more context about a specific case or situation you're referring to.

For instance, if you're considering acquiring a company that utilizes blockchain technology, you might want to understand their technical infrastructure, intellectual property rights, regulatory compliance, and market position. On the other hand, if you're looking at investing in a blockchain startup, your due diligence may focus more on the team's expertise, the product roadmap,"
user,what's due diligence ?
assistant,"Due diligence refers to a comprehensive appraisal conducted prior to signing a business deal or investment, aimed at confirming all facts, verifying assets, evaluating liabilities, and uncovering potential risks. In the context of blockchain technology, this process involves examining the underlying technology, its applications, security measures, regulatory compliance, and the team behind the project to ensure it is viable and trustworthy before making a strategic decision. The renewed momentum in strategic dealmaking surrounding blockchain highlights the increasing importance of thorough due diligence in this sector. Additional details needed for a more specific answer might include the nature of the particular transaction or investment under consideration, as well as any industry-specific factors relevant to blockchain technology."
user, due dil ?
assistant,"Due diligence in the Digital Assets Practice encompasses a comprehensive evaluation of the underlying assets, services, compliance frameworks, and regulatory technology products associated with digital assets. This process includes ambition and differentiator assessments, service reviews, cryptoassets training and awareness programs, compliance solutions analysis, development and independent assessment of control frameworks, and regulatory technology product scrutiny. To ensure a thorough due diligence exercise, additional details such as the specific digital assets under consideration, the nature of services provided, jurisdictional regulations, and the target audience for RegTech products are required."
user,what's is due dil ?
assistant,"Due Diligence refers to a comprehensive appraisal or investigation performed before deciding on an important business decision or transaction, such as the purchase of digital assets like Cryptoassets. It involves evaluating various aspects including financial, legal, and operational due diligence to ensure potential risks are identified and mitigated. In our Digital Assets Practice, due diligence is crucial for crypto compliance solutions and the development and independent assessment of control frameworks. For a more detailed understanding, you might also want to explore our Overview (03), Ambition and differentiators (04), Our Digital Assets Practice (05), Our service (06), Cryptoassets training and awareness (07), Regulatory Tech products (1), and Development and independent assessment of control frameworks (09)."
user,due dil
assistant,"Due diligence in the Digital Assets Practice involves a comprehensive examination of various aspects related to digital assets. This includes reviewing our Ambition and differentiators (04), understanding Our Digital Assets Practice (05), assessing our service offerings for Digital Assets (06), evaluating Cryptoassets training and awareness programs (07), and examining Crypto compliance solutions provided (08). Additionally, development and independent assessment of control frameworks (09) should be scrutinized. Regarding Regulatory Tech products (1), understanding their role in ensuring compliance is also vital for a thorough due diligence process. To gain more context, it would be helpful to know the specific focus or objective of the due diligence exercise."
user,give me a definition of the betcoin ?
assistant,"Bitcoins are digital or virtual currencies that operate on a decentralized blockchain technology. They were the first cryptocurrency created in 2009 by an unknown person (or group of people) using the pseudonym Satoshi Nakamoto. Each Bitcoin is divided into smaller units called satoshis (sats). Transactions are verified and recorded on the blockchain, a public distributed ledger that ensures the security and integrity of every transaction. The key feature that sets bitcoins apart from traditional currencies is their lack of a central authority, which makes them resistant to government manipulation and control. However, due to its decentralized nature and unregulated status, it's crucial to understand the risks involved in dealing with Bitcoin investments or transactions. For more detailed information, it would be beneficial to consult regulatory bodies such as the SEC (Securities and Exchange Commission) or financial advisors who specialize in digital assets."
user,bitcoin ?
assistant,"Bitcoin is a type of digital asset, specifically a cryptocurrency that operates on its own blockchain. It was the first decentralized digital currency, created in 2009 by an unknown person or group using the name Satoshi Nakamoto. Bitcoin functions as both a medium of exchange and a store of value. As a digital asset, it can be stored electronically and is not issued by any central authority. For institutional investors, understanding bitcoin and its role in the digital asset landscape is crucial when considering investment strategies in this space. More detailed information about the specific characteristics and risks associated with bitcoin may be found under ""Digital Asset Basics"" section of the provided guide for institutional investors."
user,due dil ?
assistant,"In the given context, ""Due Diligence"" refers to the comprehensive investigation and analysis of a company or entity, especially in the Digital Assets Practice. This process involves understanding the ambitions, differentiators, and services offered by the practice, including Cryptoassets training and awareness, Crypto compliance solutions, development and independent assessment of control frameworks. Additionally, due diligence includes an evaluation of the Regulatory Tech products offered by the company in the digital assets domain. This process helps to ensure that the entity is financially sound, reputable, and complies with all relevant regulations in the digital assets industry."
user,give me a resume of the document that i added to you 
assistant,"The document appears to be an overview of Plenitude Consulting's Digital Assets Practice. It details their ambition and differentiators in this field, followed by a description of their Digital Assets service. This includes training and awareness programs for Cryptoassets, as well as Crypto compliance solutions. Further sections cover the development and independent assessment of control frameworks. However, additional information such as specific services offered under each section, client case studies, or pricing details might be needed for a comprehensive understanding."
